15,1955,dentist,1193435061
15,100365,activist,1425876220
15,100365,documentary,1425876220
15,100365,uganda,1425876220
23,150,Ron Howard,1148672905
68,2174,music,1249808064
68,2174,weird,1249808102
73,107999,action,1430799184
73,107999,anime,1430799184
73,107999,kung fu,1430799184
73,111624,drama,1431584497
73,111624,indie,1431584497
73,111624,love,1431584497
73,130682,b movie,1432523704
73,130682,comedt,1432523704
73,130682,horror,1432523704
77,1199,Trilogy of the Imagination,1163220043
77,2968,Gilliam,1163220138
77,2968,Trilogy of the Imagination,1163220039
84,296,intense,1429911417
84,296,r:violence,1429911417
84,296,tarantino,1429911417
94,1131,emotional,1291781542
94,1131,tragedy,1291781538
132,27255,No progress,1283581045
132,27255,Too slow,1283581045
132,27255,Views,1283581045
138,260,cult classic,1440379022
138,260,Science Fiction,1440379018
138,1258,cult film,1440380361
138,1258,jack nicholson,1440380355
138,1258,psychological,1440380357
138,1258,Stanley Kubrick,1440380352
138,1704,genius,1440380467
138,1704,intellectual,1440380463
138,1704,mathematics,1440380466
138,1704,psychology,1440380470
138,109487,artificial intelligence,1440379984
138,109487,Christopher Nolan,1440380001
138,109487,good science,1440379977
138,109487,interesting ideea,1440379991
138,109487,philosophical issues,1440379996
138,109487,physics,1440379925
138,109487,relativity,1440380500
138,109487,sci-fi,1440380008
138,109487,sentimental,1440379993
138,109487,space,1440379974
138,109487,time travel,1440379981
138,109487,time-travel,1440379968
149,121231,eerie,1436920551
149,121231,friendship,1436920551
149,121231,teenagers,1436920551
176,104841,sexist,1384107184
179,260,nerdy,1436669973
179,260,Science Fiction,1436669968
187,2082,Emilio Estevez,1233517175
200,260,critically acclaimed,1437932756
200,260,Science Fiction,1437932763
212,1061,emotional,1253930128
212,1061,revenge,1253930131
212,1061,true story,1253930149
212,1732,cult film,1253929373
212,1732,dark comedy,1253929372
212,1732,satirical,1253929376
212,2359,British,1253930034
212,2641,childish plot,1253930390
212,2641,plot holes,1253930395
212,2641,superhero,1253930399
212,27904,good animation,1253931241
212,27904,interesting concept - bad execution,1253931234
212,27904,surrealism,1253931244
257,3030,akira kurosawa,1338084833
257,3030,black comedy,1338084822
277,104283,anime,1463916484
297,104,adam sandler,1318706504
297,1103,overrated,1318706182
297,2502,that fat nerd is just annoying,1318706118
313,153,Ei muista,1168879424
313,293,Ei muista,1168878292
313,1036,Ei muista,1168878388
313,1042,Katso Sanna!,1146477133
313,1120,Katso Sanna!,1146477118
313,1200,Katso Sanna!,1146477102
313,1291,Ei muista,1146476308
313,1610,Katso Sanna!,1146476692
313,1617,Ei muista,1168878593
313,2273,Ei muista,1146477049
313,2329,Ei muista,1146477033
313,2600,Ei muista,1168879003
313,2985,Ei muista,1168878743
313,2989,Ei muista,1168878972
314,260,awesome,1437338154
314,260,awesome soundtrack,1437338150
314,260,jedi,1437338139
314,260,space adventure,1437338130
346,1036,explosions,1159734488
346,1199,dystopia,1159734421
346,1274,anime,1159734245
346,2019,long,1159734734
346,2571,sci-fi,1159734634
346,2571,virtual reality,1159734636
346,2924,martial arts,1159734502
346,2997,interesting,1159734363
346,26554,apocalypse,1159734706
346,26554,interesting,1159734706
346,26585,explosions,1159734379
347,1721,romance,1463337171
364,232,aging,1444531181
364,232,Ang Lee,1444531177
364,232,cooking,1444531178
364,232,food,1444531186
364,232,relationships,1444531173
364,293,assassin,1444534872
364,293,hit men,1444534872
364,293,thriller,1444534887
364,1176,imaginative,1444528969
364,1176,intellectual,1444528955
364,1176,Irene Jacob,1444528944
364,1176,Krzysztof Kieslowski,1444528941
364,1176,lyrical,1444528947
364,1210,action,1444529881
364,1210,aliens,1444529879
364,1210,George Lucas,1444529892
364,1210,Harrison Ford,1444529867
364,1210,sci-fi,1444529889
364,1210,sequel,1444529879
364,1210,space,1444529864
364,1210,Star Wars,1444529869
364,1210,starship pilots,1444529899
364,1210,war,1444529884
364,1265,alternate reality,1444530190
364,1265,Bill Murray,1444530207
364,1265,character development,1444530216
364,1265,comedy,1444530195
364,1265,existentialism,1444530199
364,1265,feel-good,1444530209
364,1265,funny,1444530200
364,1265,love,1444530219
364,1265,romantic,1444530228
364,1265,self discovery,1444530203
364,1732,great dialogue,1444535166
364,1732,Jeff Bridges,1444535201
364,1732,Nudity (Full Frontal),1444535170
364,1732,off-beat comedy,1444535205
364,1732,quirky,1444535198
364,1732,satirical,1444535172
364,1732,Steve Buscemi,1444535164
364,2068,coming of age,1444530920
364,2068,funny,1444530913
364,2424,bookshop,1444530521
364,2424,happy ending,1444530524
364,2424,Meg Ryan,1444530516
364,2424,Romance,1444530517
364,2424,romantic comedy,1444530529
364,2424,Tom Hanks,1444530527
364,26614,thriller,1444534834
364,26662,anime,1444530775
364,26662,Hayao Miyazaki,1444530771
364,26662,Studio Ghibli,1444530778
364,27611,military,1444534772
364,27611,sci-fi,1444534765
364,106696,Disney,1444530267
364,106696,feminist,1444530281
364,106696,musical,1444530270
364,106696,storyline,1444530270
364,109249,beautiful scenery,1444529645
364,109249,coming of age,1444529671
364,109249,dark humor,1444529660
364,109249,Fernando E. Solanas,1444529608
364,109249,imaginative,1444529635
364,109249,quirky,1444529613
364,109249,whimsical,1444529629
364,109374,amazing storytelling,1444529104
364,109374,Bill Murray,1444529124
364,109374,cinematography,1444529143
364,109374,eastern europe,1444529119
364,109374,europe,1444529115
364,109374,historical,1444529139
364,109374,on the run,1444529148
364,109374,quirky,1444529109
364,115617,comedy,1444530392
364,115617,Coming of Age,1444530417
364,115617,family,1444530402
364,115617,friends,1444530410
364,115617,funny,1444530394
364,115617,happy ending,1444530413
364,115617,heartwarming,1444528813
364,115617,inspiring,1444530404
364,115617,japanese influence,1444528772
364,115617,pixar,1444530397
364,115617,technology,1444528781
364,118997,comedy,1444530159
364,118997,fairy tale,1444530100
364,118997,funny,1444530106
364,118997,great soundtrack,1444530127
364,118997,imaginative,1444530113
364,118997,meryl streep,1444530142
364,118997,musical,1444530098
402,260,coming of age,1443393648
402,260,science fiction,1443393664
423,111,cult film,1354033605
423,111,Martin Scorsese,1354033608
423,111,social commentary,1354033602
423,247,stylized,1353702088
423,247,surreal,1353702083
423,247,surrealism,1353702082
423,247,visceral,1353702078
423,1079,dark comedy,1353703178
423,1079,dark humor,1353703182
423,1079,John Cleese,1353703171
423,1079,quirky,1353703185
423,1080,Monty Python,1354033667
423,1089,nonlinear,1354033640
423,1089,organized crime,1354033636
423,1089,Quentin Tarantino,1354033638
423,1219,Alfred Hitchcock,1354033644
423,1219,psychology,1354033646
423,1256,Marx Brothers,1354033718
423,1258,cult film,1354033633
423,1258,psychology,1354033630
423,1729,dark comedy,1354033685
423,2288,disturbing,1354033600
423,2529,post-apocalyptic,1354033650
423,2529,twist ending,1354033653
423,3030,atmospheric,1354033596
423,27592,stylized,1354033620
423,27592,violent,1354033611
423,27773,depressing,1353702390
423,27773,disturbing,1353702357
423,27773,hallucinatory,1353702345
423,27773,paranoid,1353702396
423,27773,revenge,1353702393
423,27773,stylized,1353702395
423,27773,twist ending,1353702400
423,27773,vengeance,1353702404
423,30745,Takashi Miike,1354033711
431,150,tom hanks,1165548454
431,186,hugh grant,1140455419
431,215,ethan hawke,1165548716
431,236,meg ryan,1140455397
431,246,school,1140455370
431,260,classic,1140454408
431,300,Ralph Fiennes,1165548551
431,1059,claire daines,1140455275
431,1059,clever,1140455275
431,1059,Leonardo DiCaprio,1140455275
431,1059,shakespeare,1140455275
431,1242,denzel washington,1140455181
431,1250,war,1140455073
431,1259,r. phoneix,1140455011
431,1291,cool,1140454996
431,1358,billy bob thorton,1140455032
431,1376,not too thrilled,1140455126
431,1517,cheezy to the max!,1140454281
431,1635,moody,1165548220
431,1639,hillarious,1140455102
431,1801,good but not accurate,1140454574
431,1954,stallone,1140455043
431,1956,il,1165548392
431,1956,lake forest,1165548392
431,2004,not worth your time,1140454610
431,2012,liked the other two better,1140455152
431,2019,classic,1140455086
431,2085,cute,1140454548
431,2174,Micheal Keaton,1140454821
431,2369,must see,1140454589
431,2396,colin firth,1165548675
431,2396,Gwenth Paltrow,1165548675
431,2396,joseph fiennes,1165548675
431,2571,philosophy,1140454933
431,2692,cool and great music,1140454393
431,2700,stupidity,1140454856
431,3052,controversial,1140454805
448,260,sci-fi,1444761481
448,260,supernatural powers,1444761492
450,107649,Alex van Warmerdam,1475737520
450,107649,magical realism,1475737516
450,107649,weird,1475737522
456,106473,animation,1432309088
456,106473,anime,1432309076
456,106473,based on a TV show,1432309085
456,106473,fantasy world,1432309090
478,106918,Iceland,1446830144
478,106918,photography,1446830153
478,106918,travel,1446830142
481,260,George Lucas,1437000955
481,260,starwars,1437000940
481,1900,brother sister relationship,1437107499
481,1900,sad,1437107475
481,1900,siblings,1437107491
481,2361,cult film,1437105893
481,117533,big brother,1437004053
481,117533,documentary,1437004053
481,117533,privacy,1437004053
501,1,Pixar,1292956344
501,296,dark comedy,1292956439
501,296,Quentin Tarantino,1292956435
501,1089,organized crime,1292956420
501,1089,Quentin Tarantino,1292956416
501,2542,dark comedy,1292956446
501,2542,Guy Ritchie,1292956448
501,2542,organized crime,1292956450
501,2692,nonlinear,1292956226
501,2692,time travel,1292956392
501,2959,dark comedy,1292956481
501,2959,psychology,1292956476
501,2959,twist ending,1292956479
503,260,Science Fiction,1432365802
503,260,space,1432365814
531,1028,comedy of manners,1243454358
531,1028,Disney,1243454364
531,1028,Disney studios,1243454367
531,1028,Julie Andrews,1243454386
531,1028,multiple roles,1243454371
531,1028,musical,1243454374
531,1028,villain nonexistent or not needed for good story,1243454382
531,1088,80's classic,1243454483
531,1088,dance,1243454500
531,1088,girlie movie,1243454518
531,1088,music,1243454488
531,1088,musical parodies,1243454503
531,1088,rich families,1243454508
531,1258,disturbing,1243454832
531,1258,Nudity (Full Frontal - Notable),1243454840
531,1258,Nudity (Full Frontal),1243454842
531,1258,psychological,1243454846
531,1258,violent,1243454848
531,1997,demons,1243454875
531,1997,horror,1243454878
531,1997,possession,1243454880
531,1997,scary,1243454882
531,2942,dance,1243454447
531,2942,girlie movie,1243454450
531,2942,Nudity (Topless),1243454452
531,2942,strippers,1243454454
547,215,holes90s,1342849999
547,293,holes90s,1342849862
547,306,holes90s,1342849839
547,1153,tcm,1189187818
547,1172,holes80s,1342849456
547,1197,holes80s,1342849599
547,1209,holes60s,1351319934
547,1211,holes80s,1342849466
547,1232,sightsound,1343973832
547,1245,holes90s,1342849804
547,1260,tcm,1189187750
547,1272,holes70s,1342849087
547,1273,holes80s,1342849477
547,1281,holes40s,1412348178
547,1281,tivo,1476583274
547,1283,afi,1182394030
547,1283,hdtv,1199396362
547,1572,sightsound,1343973703
547,1935,holes40s,1412348396
547,1942,holes40s,1412348211
547,1957,holes80s,1342849494
547,2028,afi,1182394053
547,2028,hdtv,1200784012
547,2028,holes90s,1342849945
547,2109,holes70s,1342849272
547,2178,holes70s,1342849166
547,2182,tcm,1412347392
547,2202,holes40s,1412348261
547,2677,holes90s,1342849900
547,2730,getdvd,1350531508
547,2730,holes70s,1342849220
547,2747,tivo,1476583080
547,2920,getdvd,1412348038
547,2920,holes40s,1412348038
547,2927,holes40s,1412348319
547,2936,afi,1182393939
547,2936,holes40s,1412348275
547,3022,afi,1182393819
547,3089,holes40s,1412348191
547,25805,sightsound,1343973445
547,25927,holes40s,1412348360
547,25927,tcm,1189187934
547,26150,sightsound,1343973817
547,26151,sightsound,1343973505
547,26366,holes70s,1342849254
547,101285,getdvd,1386729453
547,101525,toplist12,1386245688
547,101895,toplist13,1383626036
547,102194,toplist13,1386658060
547,102469,getdvd,1387083948
547,103107,toplist13,1396017727
547,103372,toplist13,1383625950
547,103449,dvd,1378132522
547,103624,toplist13,1388209512
547,103688,dvd,1472303875
547,105197,toplist13,1386657913
547,105355,toplist13,1397129838
547,105504,toplist13,1386245656
547,106100,toplist13,1389766232
547,106766,toplist13,1386658220
547,106916,toplist13,1386657846
547,106920,toplist13,1386657798
547,107141,toplist13,1386946018
547,107636,tivo,1476583144
547,109374,toplist14,1402760218
547,110871,getdvd,1399051398
547,111249,getdvd,1423194272
547,111251,dvd,1410947141
547,111251,toplist14,1446283752
547,111505,getdvd,1400501925
547,111622,toplist14,1420131617
547,112070,tivo,1476113970
547,112183,toplist14,1416281804
547,112290,toplist14,1411137921
547,112515,getdvd,1423194952
547,112515,toplist14,1418485385
547,112550,getdvd,1470238109
547,112552,toplist14,1417010184
547,112556,toplist14,1412347244
547,112852,toplist14,1407510485
547,113064,getdvd,1423194143
547,114254,getdvd,1450365156
547,114342,toplist14,1417010271
547,114459,getdvd,1412474417
547,114662,toplist14,1423131235
547,115139,tcm,1413426713
547,115569,toplist14,1431187332
547,116161,toplist14,1417010500
547,116797,toplist14,1425780053
547,117176,toplist14,1417010208
547,117533,dvd,1473748292
547,117533,getdvd,1446815098
547,117533,toplist14,1417010466
547,118700,getdvd,1446815138
547,118700,toplist14,1423224182
547,118880,getdvd,1449757705
547,118880,toplist14,1449757002
547,127108,tivo,1476583101
547,127108,toplist15,1449756138
547,127114,toplist15,1449756046
547,127144,tivo,1476583306
547,127206,getdvd,1470111984
547,127212,tivo,1476113822
583,112552,determination,1430526450
583,112552,devotion,1430526450
583,112552,music,1430526450
611,105504,hijacking,1471521058
611,105504,ocean,1471521036
611,105504,pirates,1471521067
611,105504,suspense,1471521044
615,111384,revenge,1408781036
615,111384,vengeance,1408781025
615,111931,femme-fatale,1425503802
615,111931,gritty,1425503802
615,111931,low-budget,1425503802
630,260,classic sci-fi,1443807766
630,260,series,1443807803
660,260,imaginary world,1436680217
660,260,script,1436680177
663,260,action,1438398078
663,260,Syfy,1438398050
